Selection,View,Channel,Begin Time (s),End Time (s),Low Freq (Hz),High Freq (Hz),Delta Time (s),Delta Freq (Hz),Avg Power Density (dB FS/Hz),Annotation
1,Spectrogram 1,1,65.975758963,66.197083791,66.489,315.457,0.2213,248.968,-89.38,rupe A
2,Spectrogram 1,1,360.604978438,361.116393963,53.191,359.043,0.5114,305.852,-92.46,Rupe B
3,Spectrogram 1,1,362.511531278,362.835272285,53.191,384.858,0.3237,331.667,-92.47,Rupe B
4,Spectrogram 1,1,363.582147388,363.883517251,66.489,239.748,0.3014,173.259,-93.42,Rupe B
5,Spectrogram 1,1,364.878951041,365.235115424,53.191,296.53,0.3562,243.339,-93.38,Rupe B
6,Spectrogram 1,1,546.738623985,547.186112569,79.787,345.745,0.4475,265.958,-92.12,Rupe B
7,Spectrogram 1,1,600.809344207,601.229435531,53.191,292.553,0.4201,239.362,-91.6,rupe B
8,Spectrogram 1,1,674.180580381,674.299132249,93.085,538.721,0.1186,445.636,-94.57,rupe A
9,Spectrogram 1,1,677.028237055,677.205844969,45.741,220.82,0.1776,175.079,-86.08,rupe A
10,Spectrogram 1,1,679.646238076,679.913310781,64.103,370.37,0.2671,306.267,-87.65,rupe B
11,Spectrogram 1,1,675.087632617,675.208451222,53.872,404.04,0.1208,350.168,-92.58,rupe A
12,Spectrogram 1,1,675.952439472,676.047822581,60.606,471.38,0.0954,410.774,-92.01,rupe A
13,Spectrogram 1,1,674.559846081,674.699741307,80.808,424.242,0.1399,343.434,-95.78,rupe A
14,Spectrogram 1,1,678.190758882,678.502343704,67.34,316.498,0.3116,249.158,-87.4,rupe B
15,Spectrogram 1,1,680.085000377,680.148589116,80.808,350.168,0.0636,269.36,-86.5,rupe A
16,Spectrogram 1,1,680.924371736,681.235956558,67.34,289.562,0.3116,222.222,-84.77,rupe B
17,Spectrogram 1,1,677.394786411,677.680935738,67.34,309.764,0.2861,242.424,-88.63,rupe B
1,Spectrogram 1,1,13.433864864,13.703649037,53.191,324.361,0.2698,271.17,-79.66,Rupe B
2,Spectrogram 1,1,26.072555253,26.283886188,53.191,376.259,0.2113,323.068,-84.94,Rupe B
3,Spectrogram 1,1,53.382769186,53.528887907,66.489,478.723,0.1461,412.234,-89.26,Rupe A
4,Spectrogram 1,1,65.997665355,66.110075427,59.347,415.43,0.1124,356.083,-86.86,Rupe A
5,Spectrogram 1,1,81.003161373,81.266116762,59.347,376.259,0.263,316.912,-82.32,Rupe B
6,Spectrogram 1,1,86.568315707,86.874071102,59.347,400.006,0.3058,340.659,-83.07,Rupe B
7,Spectrogram 1,1,97.068628421,97.333468604,59.347,498.471,0.2648,439.124,-85.93,Rupe A
8,Spectrogram 1,1,97.899553556,98.048987093,74.184,356.083,0.1494,281.899,-86.57,Rupe A
9,Spectrogram 1,1,105.623018046,105.750195524,71.281,570.247,0.1272,498.966,-88.29,Rupe A
10,Spectrogram 1,1,106.102973655,106.167549617,57.025,498.966,0.0646,441.941,-86.36,Rupe A
11,Spectrogram 1,1,106.716445292,106.768106061,57.025,342.148,0.0517,285.123,-89.75,Rupe A
12,Spectrogram 1,1,107.710915103,107.975676546,61.162,356.405,0.2648,295.243,-87.43,Rupe B
13,Spectrogram 1,1,117.189087212,117.311781539,57.025,431.193,0.1227,374.168,-88.67,Rupe A
14,Spectrogram 1,1,117.938168368,118.035032311,57.025,256.611,0.0969,199.586,-86.48,Rupe A
15,Spectrogram 1,1,118.499944937,118.608045794,71.281,384.917,0.1081,313.636,-88.37,Rupe A
16,Spectrogram 1,1,119.695407316,119.83848198,71.281,370.661,0.1431,299.38,-89.45,Rupe A
17,Spectrogram 1,1,121.986442345,122.332635121,66.529,408.677,0.3462,342.148,-90.32,Rupe B
18,Spectrogram 1,1,122.688726458,122.882672113,61.162,342.148,0.1939,280.986,-88.38,Rupe B
19,Spectrogram 1,1,123.206928022,123.375484843,57.025,275.62,0.1686,218.595,-87.04,Rupe A
20,Spectrogram 1,1,124.043166605,124.097217034,57.025,373.089,0.0541,316.064,-89.34,Rupe A
21,Spectrogram 1,1,124.507355405,124.647250631,66.529,434.251,0.1399,367.722,-90.75,Rupe A
22,Spectrogram 1,1,126.036664585,126.256045736,57.025,437.309,0.2194,380.284,-90.88,Rupe A
23,Spectrogram 1,1,129.332893466,129.526839121,61.162,361.157,0.1939,299.995,-88.69,Rupe A
24,Spectrogram 1,1,141.756918304,141.930919691,62.71,415.182,0.174,352.472,-90.39,Rupe A
25,Spectrogram 1,1,144.04290735,144.261435661,57.025,358.959,0.2185,301.934,-90.68,Rupe A
26,Spectrogram 1,1,243.849832846,244.096333166,66.529,237.865,0.2465,171.336,-88.57,Rupe B
27,Spectrogram 1,1,253.643892285,253.798874593,60.547,350.31,0.155,289.763,-91.6,Rupe A
28,Spectrogram 1,1,262.381020655,262.566851621,62.71,442.982,0.1858,380.272,-89.87,Type 4 A
29,Spectrogram 1,1,263.879182968,264.092283642,57.025,418.181,0.2131,361.156,-91.09,Rupe A
30,Spectrogram 1,1,265.180335262,265.396536976,57.025,246.514,0.2162,189.489,-91.04,Rupe A
31,Spectrogram 1,1,278.213540146,278.448818481,47.521,259.489,0.2353,211.968,-90.67,Rupe A
32,Spectrogram 1,1,308.350812236,308.591343175,76.033,370.661,0.2405,294.628,-92.54,Rupe B
33,Spectrogram 1,1,374.207326449,374.472166632,59.633,301.047,0.2648,241.414,-88.03,Rupe B
34,Spectrogram 1,1,375.601271907,375.882652079,65.445,287.958,0.2814,222.513,-86.3,Rupe B
35,Spectrogram 1,1,377.971134921,378.252515093,52.356,327.225,0.2814,274.869,-85.99,Rupe B
36,Spectrogram 1,1,387.77803971,387.98260597,64.22,334.862,0.2046,270.642,-87.48,Rupe B
37,Spectrogram 1,1,396.689586239,397.027452061,91.623,392.67,0.3379,301.047,-88.06,Rupe C
38,Spectrogram 1,1,417.311333151,417.634046003,65.445,602.094,0.3227,536.649,-89.08,Type 4 A
39,Spectrogram 1,1,420.282988853,420.570727898,62.71,431.937,0.2877,369.227,-88.73,Type 4 A
40,Spectrogram 1,1,444.818625428,444.98300899,65.445,353.403,0.1644,287.958,-88.31,Rupe A
41,Spectrogram 1,1,519.214171534,519.342025416,78.534,301.047,0.1279,222.513,-88.72,Rupe A
42,Spectrogram 1,1,519.643395279,519.789514,104.712,458.115,0.1461,353.403,-89.24,Rupe A
43,Spectrogram 1,1,521.159374217,521.259830838,91.623,340.314,0.1005,248.691,-88.68,Rupe A
44,Spectrogram 1,1,522.127410746,522.246132208,52.356,366.492,0.1187,314.136,-88.48,Rupe A
45,Spectrogram 1,1,523.281711158,523.5519633,78.534,366.492,0.2703,287.958,-88.05,Rupe B
46,Spectrogram 1,1,527.05116228,527.443856344,65.445,314.136,0.3927,248.691,-89.67,Rupe C
47,Spectrogram 1,1,527.813454841,527.989913593,65.445,340.314,0.1765,274.869,-88.18,Rupe A
48,Spectrogram 1,1,528.748209309,528.880155943,64.327,470.76,0.1319,406.433,-86.88,Rupe A
49,Spectrogram 1,1,529.477138898,529.570932288,78.534,392.67,0.0938,314.136,-88.08,Rupe A
50,Spectrogram 1,1,530.530614334,530.60130604,65.445,337.719,0.0707,272.274,-85.6,Rupe A
51,Spectrogram 1,1,538.827067577,539.129114088,65.445,371.345,0.302,305.9,-83.0,Rupe B
52,Spectrogram 1,1,548.861666152,549.060380962,65.445,405.759,0.1987,340.314,-87.0,Rupe B
53,Spectrogram 1,1,555.796179111,556.066431253,52.356,379.581,0.2703,327.225,-84.82,Rupe B
54,Spectrogram 1,1,556.793811456,557.000474859,52.356,405.759,0.2067,353.403,-86.75,Rupe B
55,Spectrogram 1,1,558.599561567,558.914765439,91.623,418.848,0.3152,327.225,-82.28,Rupe B
56,Spectrogram 1,1,590.707223298,590.854390591,104.712,314.136,0.1472,209.424,-89.37,Rupe B
57,Spectrogram 1,1,599.511751387,599.847181987,52.356,431.937,0.3354,379.581,-82.46,Rupe B
58,Spectrogram 1,1,626.353310589,626.49942931,65.445,314.136,0.1461,248.691,-87.58,Rupe B
59,Spectrogram 1,1,627.650114242,627.796232963,91.623,314.136,0.1461,222.513,-87.41,Rupe B
60,Spectrogram 1,1,651.745096174,651.988323102,52.356,440.391,0.2432,388.035,-85.55,Rupe B
61,Spectrogram 1,1,654.564732681,654.612424236,65.445,326.675,0.0477,261.23,-82.16,Rupe A
62,Spectrogram 1,1,656.165510643,656.245943605,88.905,502.418,0.0804,413.513,-86.45,Rupe A
63,Spectrogram 1,1,657.825513613,658.055921259,52.356,327.225,0.2304,274.869,-86.76,Rupe B
64,Spectrogram 1,1,667.242196159,667.337579268,91.623,287.958,0.0954,196.335,-84.62,Rupe A
65,Spectrogram 1,1,668.258329933,668.394166252,103.378,409.378,0.1358,306.0,-88.98,Rupe A
66,Spectrogram 1,1,673.290293175,673.436411896,78.534,274.869,0.1461,196.335,-89.15,Type 4 A
67,Spectrogram 1,1,682.194376001,682.265473597,65.445,301.047,0.0711,235.602,-84.27,Rupe A
68,Spectrogram 1,1,685.765152257,686.027117482,65.445,314.136,0.262,248.691,-83.15,Type 4 A
69,Spectrogram 1,1,684.646193663,684.697064654,91.623,355.621,0.0509,263.998,-87.85,Rupe A
70,Spectrogram 1,1,687.264931384,687.500311131,65.445,409.378,0.2354,343.933,-90.97,Type 4 A
71,Spectrogram 1,1,689.032629663,689.345059989,52.356,340.314,0.3124,287.958,-90.49,Rupe B
72,Spectrogram 1,1,690.970630337,691.3176623,65.445,301.047,0.347,235.602,-89.48,Rupe B
73,Spectrogram 1,1,704.114426998,704.278810559,65.445,314.136,0.1644,248.691,-91.55,Type 4 A
74,Spectrogram 1,1,705.825910139,705.922646176,65.445,254.31,0.0967,188.865,-88.89,Rupe A
75,Spectrogram 1,1,706.918079966,707.164655308,65.445,425.581,0.2466,360.136,-90.65,Type 4 A
76,Spectrogram 1,1,709.709184287,709.813057135,101.58,453.488,0.1039,351.908,-90.27,Rupe A
77,Spectrogram 1,1,731.372061975,731.692610056,67.72,495.349,0.3205,427.629,-87.53,Type 4 A
78,Spectrogram 1,1,735.162016313,735.445121336,56.433,327.314,0.2831,270.881,-90.22,Rupe B
79,Spectrogram 1,1,737.861853312,737.989707193,90.293,453.488,0.1279,363.195,-87.04,Rupe A
80,Spectrogram 1,1,738.43131073,738.501122718,76.5,395.034,0.0698,318.534,-83.27,Rupe A
81,Spectrogram 1,1,739.45109723,739.80719417,74.432,462.754,0.3561,388.322,-86.27,Rupe B
82,Spectrogram 1,1,740.135825914,740.316140136,84.77,490.013,0.1803,405.243,-85.4,Rupe A
83,Spectrogram 1,1,740.829889841,740.985140983,101.58,462.754,0.1553,361.174,-86.46,Rupe A
84,Spectrogram 1,1,741.575197175,741.657862536,67.72,406.321,0.0827,338.601,-81.81,Rupe A
85,Spectrogram 1,1,743.224917716,743.315531669,68.23,450.729,0.0906,382.499,-86.15,Rupe A
86,Spectrogram 1,1,745.401408178,745.705044408,53.757,519.187,0.3036,465.43,-84.07,Rupe B
87,Spectrogram 1,1,749.879777281,749.943366021,56.433,237.77,0.0636,181.337,-89.83,Rupe A
88,Spectrogram 1,1,750.517693759,750.59988554,56.433,327.314,0.0822,270.881,-89.28,Rupe A
89,Spectrogram 1,1,751.50632894,751.593763456,79.007,326.675,0.0874,247.668,-87.42,Rupe A
90,Spectrogram 1,1,752.228061131,752.335045358,84.77,272.918,0.107,188.148,-90.97,Rupe A
91,Spectrogram 1,1,759.900625541,760.174598143,47.885,430.053,0.274,382.168,-85.22,Rupe B
92,Spectrogram 1,1,761.196549722,761.385726222,63.847,560.31,0.1892,496.463,-83.47,Rupe B
93,Spectrogram 1,1,762.103771059,762.407407289,55.824,527.229,0.3036,471.405,-84.8,Rupe B
94,Spectrogram 1,1,762.85039723,763.069575312,55.866,327.216,0.2192,271.35,-90.66,Rupe B
95,Spectrogram 1,1,763.85166481,764.048789902,47.885,383.721,0.1971,335.836,-84.3,Rupe B
96,Spectrogram 1,1,764.843869133,765.231760442,63.847,477.607,0.3879,413.76,-83.87,Rupe B
97,Spectrogram 1,1,765.724403579,765.961271633,71.828,510.777,0.2369,438.949,-85.26,Rupe B
98,Spectrogram 1,1,768.174055787,768.499948076,71.828,409.378,0.3259,337.55,-81.88,Rupe B
99,Spectrogram 1,1,777.572912832,777.726236054,71.828,500.35,0.1533,428.522,-85.2,Rupe A
100,Spectrogram 1,1,778.599870357,778.800022646,55.866,469.337,0.2002,413.471,-86.15,Rupe A
101,Spectrogram 1,1,779.503168165,779.763881996,87.79,486.834,0.2607,399.044,-87.14,Rupe A
102,Spectrogram 1,1,784.060448735,784.3068551,103.752,544.186,0.2464,440.434,-84.09,Rupe B
103,Spectrogram 1,1,786.144562117,786.51899134,71.828,247.408,0.3744,175.58,-88.47,Rupe B
104,Spectrogram 1,1,788.007575815,788.582918281,63.847,467.442,0.5753,403.595,-88.62,Rupe C
105,Spectrogram 1,1,789.491221911,789.852324674,71.828,485.877,0.3611,414.049,-88.31,Rupe B
106,Spectrogram 1,1,790.372872104,790.646844707,79.809,303.274,0.274,223.465,-91.42,Rupe B
107,Spectrogram 1,1,790.92081731,791.167392652,55.866,438.949,0.2466,383.083,-85.7,Rupe B
108,Spectrogram 1,1,793.53268897,793.870588513,71.828,411.628,0.3379,339.8,-86.67,Type 4 A
109,Spectrogram 1,1,915.704440957,915.850559679,55.866,265.116,0.1461,209.25,-88.76,Rupe A
110,Spectrogram 1,1,916.270651003,916.572020866,55.866,488.372,0.3014,432.506,-89.01,Rupe A
111,Spectrogram 1,1,917.421335934,917.567454656,63.847,263.369,0.1461,199.522,-89.26,Rupe A
112,Spectrogram 1,1,920.471564245,920.763801688,47.885,247.408,0.2922,199.523,-87.22,Rupe B
113,Spectrogram 1,1,935.312492522,935.394684303,95.771,446.93,0.0822,351.159,-89.32,Rupe A
114,Spectrogram 1,1,935.958480648,936.03398192,45.147,436.256,0.0755,391.109,-83.92,Rupe A
115,Spectrogram 1,1,936.371807453,936.49853923,73.363,386.634,0.1267,313.271,-83.6,Rupe A
116,Spectrogram 1,1,936.681919213,937.007811502,90.293,565.116,0.3259,474.823,-84.99,Rupe B
117,Spectrogram 1,1,937.389705436,937.567753906,66.162,483.81,0.178,417.648,-83.54,Rupe A
118,Spectrogram 1,1,938.067735613,938.377700229,62.077,475.54,0.31,413.463,-84.84,Rupe B
119,Spectrogram 1,1,940.626167563,940.999484276,67.72,512.756,0.3733,445.036,-86.82,Rupe B
120,Spectrogram 1,1,941.872248125,941.975579826,62.077,361.174,0.1033,299.097,-85.9,Rupe A
121,Spectrogram 1,1,947.158310669,947.248717016,62.077,265.237,0.0904,203.16,-89.02,Rupe A
122,Spectrogram 1,1,947.586792791,947.655150686,79.007,427.986,0.0684,348.979,-89.52,Rupe A
123,Spectrogram 1,1,948.346508365,948.4562875,90.293,411.445,0.1098,321.152,-88.56,Rupe A
124,Spectrogram 1,1,948.94706481,949.018098368,90.293,270.88,0.071,180.587,-88.51,Rupe A
125,Spectrogram 1,1,1024.073694213,1024.266050149,78.567,252.243,0.1924,173.676,-86.64,Rupe C
126,Spectrogram 1,1,1026.207385917,1026.369329595,73.363,237.02,0.1619,163.657,-88.91,Rupe A
127,Spectrogram 1,1,1027.202359502,1027.260477868,62.077,253.95,0.0581,191.873,-84.73,Rupe A
128,Spectrogram 1,1,1027.838027674,1028.003101428,95.937,359.756,0.1651,263.819,-89.06,Rupe B
129,Spectrogram 1,1,1029.71436536,1029.79831411,90.293,327.314,0.0839,237.021,-84.84,Rupe A
130,Spectrogram 1,1,1061.945646726,1062.169586307,73.363,432.121,0.2239,358.758,-86.51,Rupe B
131,Spectrogram 1,1,1060.951177427,1061.002838196,62.077,270.88,0.0517,208.803,-82.22,Rupe A
132,Spectrogram 1,1,1061.520186307,1061.604441387,79.007,390.77,0.0843,311.763,-86.86,Rupe A
133,Spectrogram 1,1,1192.028299626,1192.293061069,56.433,490.971,0.2648,434.538,-85.48,Rupe B
134,Spectrogram 1,1,1192.62885607,1193.042142225,67.72,500.35,0.4133,432.63,-89.92,Rupe B
135,Spectrogram 1,1,1193.487716362,1193.90757916,45.147,372.46,0.4199,327.313,-81.67,Rupe B
136,Spectrogram 1,1,1195.338696003,1195.63597336,45.147,316.027,0.2973,270.88,-82.3,Rupe B
137,Spectrogram 1,1,96.013998153,96.202847074,73.522,363.284,0.1888,289.762,-89.37,Rupe A
138,Spectrogram 1,1,116.156708059,116.207579051,67.278,241.59,0.0509,174.312,-87.09,Rupe A
139,Spectrogram 1,1,705.182750617,705.2844926,76.5,297.729,0.1017,221.229,-90.9,Rupe A
140,Spectrogram 1,1,936.088032349,936.13890334,83.721,404.651,0.0509,320.93,-86.69,Rupe A
1,Spectrogram 1,1,1062.340241073,1062.408734224,73.138,711.436,0.0685,638.298,-77.83,Rupe A
2,Spectrogram 1,1,1062.655309566,1062.883620069,45.573,377.604,0.2283,332.031,-84.39,Rupe B
3,Spectrogram 1,1,1064.121062991,1064.326542443,58.594,247.396,0.2055,188.802,-92.54,Rupe B
4,Spectrogram 1,1,1066.175857511,1066.280880343,52.083,592.448,0.105,540.365,-85.79,Rupe A
5,Spectrogram 1,1,1066.952114579,1067.06170362,52.083,436.198,0.1096,384.115,-86.02,Rupe A
6,Spectrogram 1,1,1069.175859831,1069.294581292,52.083,488.281,0.1187,436.198,-88.21,Rupe A
7,Spectrogram 1,1,1069.655311886,1069.947549329,65.104,475.26,0.2922,410.156,-88.33,Rupe B
8,Spectrogram 1,1,1070.331110973,1070.427001384,58.594,397.135,0.0959,338.541,-86.89,Rupe A
9,Spectrogram 1,1,1070.901887228,1071.11193289,71.615,384.115,0.21,312.5,-88.8,Rupe B
10,Spectrogram 1,1,1071.431567594,1071.586818735,71.615,364.583,0.1553,292.968,-90.13,Rupe A
11,Spectrogram 1,1,1074.427005872,1074.673581214,58.594,390.625,0.2466,332.031,-88.0,Rupe C
12,Spectrogram 1,1,1076.029746548,1076.152186585,65.104,273.437,0.1224,208.333,-89.73,Rupe A
13,Spectrogram 1,1,1080.517487687,1080.686437458,58.594,260.417,0.1689,201.823,-89.69,Rupe A
14,Spectrogram 1,1,1081.535752527,1081.645341568,52.083,253.906,0.1096,201.823,-90.02,Rupe A
15,Spectrogram 1,1,1094.138737133,1094.367047636,58.594,351.562,0.2283,292.968,-90.22,Rupe B
16,Spectrogram 1,1,1130.568732221,1130.787910303,58.594,377.604,0.2192,319.01,-89.47,Rupe A
17,Spectrogram 1,1,1131.418047289,1131.582430851,71.615,312.5,0.1644,240.885,-89.8,Rupe A
18,Spectrogram 1,1,1132.029919436,1132.176038157,45.573,324.451,0.1461,278.878,-83.82,Rupe A
19,Spectrogram 1,1,1133.299325828,1133.4682756,52.083,366.771,0.1689,314.688,-89.95,Rupe A
20,Spectrogram 1,1,1134.37750575,1134.485419419,71.615,319.749,0.1079,248.134,-90.71,Rupe A
21,Spectrogram 1,1,1135.687458389,1135.77421638,65.104,325.521,0.0868,260.417,-87.4,Rupe A
22,Spectrogram 1,1,1136.095177419,1136.243558714,58.594,451.411,0.1484,392.817,-88.49,Rupe A
23,Spectrogram 1,1,1137.262800855,1137.372389896,65.104,292.969,0.1096,227.865,-89.04,Rupe A
24,Spectrogram 1,1,1138.107549713,1138.203440124,39.062,260.417,0.0959,221.355,-83.23,Rupe A
1,Spectrogram 1,1,943.860185074,944.042833476,53.191,457.377,0.1826,404.186,-89.76,Rupe B
2,Spectrogram 1,1,945.494888271,945.613609732,106.383,383.607,0.1187,277.224,-90.56,Rupe A
3,Spectrogram 1,1,945.914979595,946.152422517,66.489,372.34,0.2374,305.851,-90.3,Rupe B
4,Spectrogram 1,1,946.627308362,946.910413385,93.085,372.34,0.2831,279.255,-89.19,Rupe B
5,Spectrogram 1,1,948.161554937,948.380733019,106.383,359.043,0.2192,252.66,-93.76,Rupe B
6,Spectrogram 1,1,950.252879138,950.490322061,106.383,359.043,0.2374,252.66,-90.91,Rupe B
7,Spectrogram 1,1,953.714062366,954.362464192,79.787,412.234,0.6484,332.447,-91.2,Rupe B
8,Spectrogram 1,1,954.627303647,954.709495428,93.085,292.553,0.0822,199.468,-90.9,Rupe A
9,Spectrogram 1,1,955.321367574,955.540545656,106.383,359.043,0.2192,252.66,-92.52,Rupe B
10,Spectrogram 1,1,956.052651631,956.237004149,98.361,413.115,0.1844,314.754,-93.15,Rupe A
11,Spectrogram 1,1,956.846481729,957.138719172,93.085,345.745,0.2922,252.66,-90.49,Rupe B
12,Spectrogram 1,1,959.175247616,959.440087799,59.84,272.606,0.2648,212.766,-88.51,Rupe B
13,Spectrogram 1,1,959.677530721,959.777987342,68.852,285.904,0.1005,217.052,-84.05,Rupe A
14,Spectrogram 1,1,961.303101497,961.54054442,73.138,285.904,0.2374,212.766,-92.99,Rupe A
15,Spectrogram 1,1,962.143284146,962.262005607,78.689,363.934,0.1187,285.246,-90.16,Rupe A
16,Spectrogram 1,1,971.94312958,972.318704516,79.787,368.852,0.3756,289.065,-88.7,Rupe A
17,Spectrogram 1,1,974.069928142,974.391763876,66.489,427.869,0.3218,361.38,-87.6,Rupe A
18,Spectrogram 1,1,976.245643555,976.318702915,76.336,254.453,0.0731,178.117,-90.37,Rupe A
19,Spectrogram 1,1,977.22281185,977.341533311,89.059,298.982,0.1187,209.923,-89.76,Rupe A
20,Spectrogram 1,1,978.044729658,978.163451119,82.697,267.176,0.1187,184.479,-90.59,Rupe A
21,Spectrogram 1,1,980.090391758,980.21824564,69.975,292.621,0.1279,222.646,-90.2,Rupe A
22,Spectrogram 1,1,981.557196397,981.661168014,57.252,279.898,0.104,222.646,-88.72,Rupe A
23,Spectrogram 1,1,996.172576701,996.336960263,69.975,362.595,0.1644,292.62,-87.64,Rupe A
24,Spectrogram 1,1,1015.018103698,1015.127692739,57.252,279.898,0.1096,222.646,-91.66,Rupe A
25,Spectrogram 1,1,952.097582621,952.209992693,54.098,413.115,0.1124,359.016,-89.35,Rupe A
1,Spectrogram 1,1,871.984578874,872.045877014,75.224,426.862,0.0613,351.638,-97.26,Rupe A
2,Spectrogram 1,1,872.605082471,872.730808521,42.314,470.151,0.1257,427.837,-84.86,Rupe A
3,Spectrogram 1,1,873.525329069,873.61665327,65.821,493.658,0.0913,427.837,-90.74,Rupe A
4,Spectrogram 1,1,874.776470622,874.904324503,70.523,441.942,0.1279,371.419,-91.9,Rupe A
5,Spectrogram 1,1,876.69335617,876.876004572,47.015,413.733,0.1826,366.718,-90.45,Rupe A
6,Spectrogram 1,1,877.095182654,877.364589047,56.418,460.748,0.2694,404.33,-89.1,Rupe B
7,Spectrogram 1,1,884.521098279,884.664983171,47.009,422.764,0.1439,375.755,-88.91,Rupe A
8,Spectrogram 1,1,887.606950278,887.981379502,65.821,441.942,0.3744,376.121,-86.11,Rupe B
9,Spectrogram 1,1,891.800005265,892.179000699,61.12,451.345,0.379,390.225,-85.42,Rupe B
10,Spectrogram 1,1,892.539731293,893.119639969,61.12,474.852,0.5799,413.732,-86.58,Rupe B
11,Spectrogram 1,1,893.553429923,893.927859147,51.717,535.972,0.3744,484.255,-86.6,Rupe B
12,Spectrogram 1,1,894.343384261,894.576260973,61.12,526.569,0.2329,465.449,-86.72,Rupe B
13,Spectrogram 1,1,895.30228837,895.768041795,61.12,531.27,0.4658,470.15,-87.0,Rupe B
14,Spectrogram 1,1,962.736346481,963.151871595,56.418,488.957,0.4155,432.539,-86.42,Rupe B
15,Spectrogram 1,1,963.498903558,963.845935522,61.12,460.748,0.347,399.628,-84.95,Rupe B
16,Spectrogram 1,1,964.453241458,964.61305881,61.12,521.867,0.1598,460.747,-87.95,Rupe A
17,Spectrogram 1,1,965.754611321,966.051414974,56.418,535.972,0.2968,479.554,-85.13,Rupe B
18,Spectrogram 1,1,972.04712934,972.576809705,51.717,460.748,0.5297,409.031,-87.29,Rupe B
19,Spectrogram 1,1,973.209270859,973.775817622,56.418,503.061,0.5665,446.643,-88.96,Rupe C
20,Spectrogram 1,1,979.219405865,979.370090797,61.12,338.509,0.1507,277.389,-89.78,Rupe A
21,Spectrogram 1,1,979.767351071,980.109816824,61.12,413.733,0.3425,352.613,-88.54,Rupe B
22,Spectrogram 1,1,981.799314541,982.013926413,65.821,508.547,0.2146,442.726,-90.27,Rupe A
23,Spectrogram 1,1,986.811773715,987.176303412,56.418,216.269,0.3645,159.851,-92.31,Growl B
24,Spectrogram 1,1,998.455311542,998.801534564,56.418,178.657,0.3462,122.239,-88.23,Growl B
25,Spectrogram 1,1,1120.870469014,1120.943528375,51.717,394.927,0.0731,343.21,-93.64,Rupe A
26,Spectrogram 1,1,1131.585286285,1131.792120817,61.12,470.151,0.2068,409.031,-90.06,Rupe A
27,Spectrogram 1,1,1150.020157652,1150.093217013,47.015,460.748,0.0731,413.733,-94.94,Rupe A
28,Spectrogram 1,1,1150.321527515,1150.412851716,65.821,362.016,0.0913,296.195,-92.84,Rupe A
29,Spectrogram 1,1,884.961745761,885.231529934,65.041,682.927,0.2698,617.886,-87.88,Rupe A
1,Spectrogram 1,1,46.058444646,46.282188939,53.191,492.021,0.2237,438.83,-89.83,Rupe C
2,Spectrogram 1,1,46.784472044,47.104106747,66.489,425.532,0.3196,359.043,-90.23,Rupe C
3,Spectrogram 1,1,49.821004434,50.067579777,66.489,372.34,0.2466,305.851,-91.27,Rupe A
4,Spectrogram 1,1,96.426128853,96.818822917,46.543,398.936,0.3927,352.393,-85.43,Rupe B
5,Spectrogram 1,1,191.717506147,191.922985599,66.489,458.777,0.2055,392.288,-93.27,Rupe A
6,Spectrogram 1,1,195.835426297,196.360540453,53.191,432.181,0.5251,378.99,-90.06,Rupe C
7,Spectrogram 1,1,204.09361601,204.207771261,59.84,545.213,0.1142,485.373,-95.07,Rupe A
8,Spectrogram 1,1,309.350024971,309.427650542,66.489,478.723,0.0776,412.234,-93.16,Rupe A
9,Spectrogram 1,1,309.797513556,309.861440497,66.489,405.585,0.0639,339.096,-91.22,Rupe A
10,Spectrogram 1,1,664.935831336,665.068251427,152.926,465.426,0.1324,312.5,-99.03,Rupe A
11,Spectrogram 1,1,665.250899829,665.36505508,126.33,325.798,0.1142,199.468,-98.32,Rupe A
12,Spectrogram 1,1,796.109210439,796.36105669,47.015,319.703,0.2518,272.688,-94.47,Rupe B
13,Spectrogram 1,1,796.909952365,797.194086597,65.821,329.106,0.2841,263.285,-94.07,Rupe B
14,Spectrogram 1,1,890.636554176,890.707587734,56.418,347.912,0.071,291.494,-95.25,Rupe A
15,Spectrogram 1,1,903.162783353,903.33713845,75.224,460.748,0.1744,385.524,-94.8,Rupe A
16,Spectrogram 1,1,903.950610087,904.305777876,56.418,423.136,0.3552,366.718,-90.79,Rupe B
17,Spectrogram 1,1,904.609284896,904.725521628,47.015,319.703,0.1162,272.688,-92.91,Rupe A
18,Spectrogram 1,1,904.938622301,905.255044514,65.821,376.121,0.3164,310.3,-92.13,Rupe B
19,Spectrogram 1,1,1030.496989895,1030.723005761,65.821,385.524,0.226,319.703,-90.95,Rupe A
20,Spectrogram 1,1,1034.39052236,1034.455098322,65.821,319.703,0.0646,253.882,-95.26,Rupe A
21,Spectrogram 1,1,1034.713402169,1034.803808515,56.418,364.583,0.0904,308.165,-95.03,Rupe A
22,Spectrogram 1,1,1035.101767176,1035.232162859,75.224,304.487,0.1304,229.263,-96.15,Rupe A
23,Spectrogram 1,1,1057.170074505,1057.241108063,65.821,404.33,0.071,338.509,-91.74,Rupe A
24,Spectrogram 1,1,1058.435764289,1058.616576982,65.821,385.524,0.1808,319.703,-92.88,Rupe C
25,Spectrogram 1,1,1059.188511453,1059.377360374,65.821,470.151,0.1888,404.33,-94.55,Rupe C
26,Spectrogram 1,1,1059.759571505,1059.998502564,84.627,554.778,0.2389,470.151,-94.69,Rupe C
27,Spectrogram 1,1,1060.373043142,1060.566771027,47.015,451.345,0.1937,404.33,-96.07,Rupe C
28,Spectrogram 1,1,1068.482362092,1068.546938054,65.821,432.539,0.0646,366.718,-94.28,Rupe A
29,Spectrogram 1,1,1069.121664113,1069.270188825,84.627,413.733,0.1485,329.106,-97.32,Rupe A
30,Spectrogram 1,1,1069.825542097,1070.03864277,56.418,404.33,0.2131,347.912,-95.95,Rupe C
31,Spectrogram 1,1,1085.760670709,1085.838161863,47.015,300.897,0.0775,253.882,-93.53,Rupe A
32,Spectrogram 1,1,1094.109161242,1094.1801948,84.627,347.912,0.071,263.285,-96.8,Rupe A
33,Spectrogram 1,1,1097.053825098,1097.163604233,56.418,413.733,0.1098,357.315,-95.51,Rupe A
34,Spectrogram 1,1,1098.087037823,1098.177444169,65.821,338.509,0.0904,272.688,-94.33,Rupe A
35,Spectrogram 1,1,1099.630403308,1099.707894463,47.015,329.106,0.0775,282.091,-93.38,Rupe A
36,Spectrogram 1,1,1100.631330716,1100.70882187,47.015,366.718,0.0775,319.703,-92.64,Rupe A
37,Spectrogram 1,1,1102.620271777,1102.678390142,47.015,329.106,0.0581,282.091,-93.54,Rupe A
38,Spectrogram 1,1,1107.38078517,1107.438903536,56.418,300.897,0.0581,244.479,-93.89,Rupe A
39,Spectrogram 1,1,1105.934283627,1105.992401992,84.627,357.315,0.0581,272.688,-95.17,Rupe A
40,Spectrogram 1,1,1105.753470934,1105.798674107,84.627,385.524,0.0452,300.897,-96.44,Rupe A
41,Spectrogram 1,1,1119.206750823,1119.303614766,47.015,460.748,0.0969,413.733,-93.83,Rupe A
42,Spectrogram 1,1,1120.743658713,1120.827607463,52.083,488.957,0.0839,436.874,-93.36,Rupe A
43,Spectrogram 1,1,1121.350672753,1121.408791119,52.083,394.927,0.0581,342.844,-93.42,Rupe A
44,Spectrogram 1,1,1122.448464962,1122.57115929,48.077,396.635,0.1227,348.558,-93.78,Rupe C
45,Spectrogram 1,1,1123.991830448,1124.043491218,47.015,376.121,0.0517,329.106,-93.84,Rupe A
46,Spectrogram 1,1,1126.607156899,1126.684648053,56.418,423.136,0.0775,366.718,-94.22,Rupe A
47,Spectrogram 1,1,1161.535579076,1161.871374077,56.418,508.814,0.3358,452.396,-92.02,Rupe C
48,Spectrogram 1,1,47.798014634,47.887942692,58.608,351.648,0.0899,293.04,-92.77,Rupe A
1,Spectrogram 1,1,190.885233481,191.126846316,53.191,398.188,0.2416,344.997,-88.86,Rupe C
2,Spectrogram 1,1,192.998987881,193.122275552,73.138,461.616,0.1233,388.478,-89.63,Rupe A
3,Spectrogram 1,1,193.533234456,193.638257287,73.138,246.011,0.105,172.873,-87.75,Rupe A
4,Spectrogram 1,1,200.002505852,200.290177085,66.489,339.096,0.2877,272.607,-85.12,Rupe B
5,Spectrogram 1,1,200.975108592,201.303875715,79.787,352.394,0.3288,272.607,-88.48,Rupe B
6,Spectrogram 1,1,202.224127185,202.550451058,66.489,352.394,0.3263,285.905,-86.14,Rupe B
7,Spectrogram 1,1,206.013428639,206.192432696,53.191,331.236,0.179,278.045,-90.58,Rupe B
8,Spectrogram 1,1,218.827081969,218.94123722,74.0,285.904,0.1142,211.904,-86.87,Rupe A
9,Spectrogram 1,1,223.796224712,223.856926151,59.84,362.95,0.0607,303.11,-90.67,Rupe A
10,Spectrogram 1,1,224.169426151,224.234702012,77.523,438.83,0.0653,361.307,-89.16,Rupe A
11,Spectrogram 1,1,224.599998816,224.741551327,73.138,312.5,0.1416,239.362,-91.07,Rupe A
12,Spectrogram 1,1,224.996858725,225.055311963,66.952,272.606,0.0585,205.654,-87.82,Rupe A
13,Spectrogram 1,1,225.805478268,225.901368679,73.138,265.957,0.0959,192.819,-93.21,Rupe A
14,Spectrogram 1,1,227.152504159,227.444741602,53.191,365.691,0.2922,312.5,-88.39,Rupe B
15,Spectrogram 1,1,289.659163818,289.800716329,53.191,385.638,0.1416,332.447,-91.88,Rupe A
16,Spectrogram 1,1,217.870220746,217.912936573,59.904,359.426,0.0427,299.522,-86.06,Rupe A
5,Spectrogram 1,1,150.544518392,150.634924738,51.717,291.493,0.0904,239.776,-90.6,Rupe A
6,Spectrogram 1,1,151.177362817,151.267769163,51.717,300.897,0.0904,249.18,-89.46,Rupe A
7,Spectrogram 1,1,152.146002243,152.391390898,51.717,433.131,0.2454,381.414,-91.97,Rupe A
8,Spectrogram 1,1,155.26502238,155.574986996,51.717,310.3,0.31,258.583,-89.56,Rupe A
9,Spectrogram 1,1,156.014103536,156.388644115,56.418,346.505,0.3745,290.087,-91.84,Rupe A
10,Spectrogram 1,1,157.693078542,157.925552004,61.12,319.703,0.2325,258.583,-89.45,Rupe A
11,Spectrogram 1,1,156.717982295,156.872964603,56.418,244.478,0.155,188.06,-92.93,Rupe A
2,Spectrogram 1,1,8.090463938,8.36443654,66.489,212.766,0.274,146.277,-91.34,Rupe B
1,Spectrogram 1,1,6.88399796,7.26854613,53.191,292.553,0.3845,239.362,-93.06,Rupe B
3,Spectrogram 1,1,10.017404577,10.419231061,66.489,345.745,0.4018,279.256,-93.62,Rupe B
4,Spectrogram 1,1,11.369002751,11.615578093,79.787,265.957,0.2466,186.17,-92.9,Rupe B
12,Spectrogram 1,1,167.176924416,167.557922591,43.116,420.384,0.381,377.268,-84.16,Rupe B
1,Spectrogram 1,1,70.997904251,71.171420232,93.085,305.851,0.1735,212.766,-85.95,Rupe A
2,Spectrogram 1,1,72.413429365,72.509319776,55.718,288.718,0.0959,233.0,-84.5,Rupe A
3,Spectrogram 1,1,74.093787631,74.221641513,55.718,253.262,0.1279,197.544,-84.91,Rupe A
4,Spectrogram 1,1,74.787851558,75.00702964,60.783,207.675,0.2192,146.892,-84.2,Rupe A
5,Spectrogram 1,1,75.586938316,75.728490828,45.587,248.197,0.1416,202.61,-80.98,Rupe A
6,Spectrogram 1,1,76.463650645,76.609769367,50.652,293.784,0.1461,243.132,-84.79,Rupe A
7,Spectrogram 1,1,76.806116398,77.112052472,65.848,303.914,0.3059,238.066,-86.17,Rupe A
8,Spectrogram 1,1,77.596066036,77.933965579,65.848,303.914,0.3379,238.066,-86.04,Rupe B
9,Spectrogram 1,1,78.678257817,79.00245873,60.783,253.262,0.3242,192.479,-84.98,Rupe B
10,Spectrogram 1,1,79.659991503,79.920265476,75.979,344.436,0.2603,268.457,-86.06,Rupe A
11,Spectrogram 1,1,80.280996069,80.742183284,65.848,324.175,0.4612,258.327,-85.73,Rupe B
12,Spectrogram 1,1,81.449945841,81.605196983,50.652,319.11,0.1553,268.458,-83.86,Rupe A
13,Spectrogram 1,1,81.970493786,82.034420727,60.783,227.936,0.0639,167.153,-83.47,Rupe A
14,Spectrogram 1,1,83.157706188,83.290126279,81.044,283.653,0.1324,202.609,-82.92,Rupe A
15,Spectrogram 1,1,84.4453765,84.518435861,70.913,243.131,0.0731,172.218,-84.34,Rupe A
16,Spectrogram 1,1,86.47277376,86.669120792,70.913,273.523,0.1963,202.61,-82.87,Rupe A
17,Spectrogram 1,1,87.04354792,87.112041071,81.044,268.457,0.0685,187.413,-83.89,Rupe A
18,Spectrogram 1,1,87.395146093,87.637155226,55.718,364.697,0.242,308.979,-84.32,Rupe B
19,Spectrogram 1,1,88.194232851,88.459073034,65.848,384.958,0.2648,319.11,-84.49,Rupe B
20,Spectrogram 1,1,88.851767098,89.180534221,55.718,354.566,0.3288,298.848,-85.98,Rupe B
21,Spectrogram 1,1,91.848590753,92.131695776,45.587,471.067,0.2831,425.48,-84.33,Rupe A
22,Spectrogram 1,1,93.684203136,93.848586697,45.587,339.371,0.1644,293.784,-81.21,Rupe A
23,Spectrogram 1,1,94.692270182,94.879540471,57.307,272.206,0.1873,214.899,-85.45,Rupe A
24,Spectrogram 1,1,96.752243683,97.004089934,57.307,322.35,0.2518,265.043,-84.22,Rupe A
25,Spectrogram 1,1,98.805759267,99.141554268,35.817,322.35,0.3358,286.533,-82.29,Rupe B
26,Spectrogram 1,1,101.085291943,101.614814829,50.143,293.696,0.5295,243.553,-85.95,Rupe C
27,Spectrogram 1,1,103.132350756,103.229214698,57.307,207.736,0.0969,150.429,-83.8,Rupe A
28,Spectrogram 1,1,103.965380662,104.236599702,57.307,186.246,0.2712,128.939,-85.11,Rupe A
29,Spectrogram 1,1,105.160035955,105.599152495,64.47,300.86,0.4391,236.39,-84.14,Rupe B
30,Spectrogram 1,1,106.826095768,106.955247691,71.633,279.37,0.1292,207.737,-83.64,Rupe A
31,Spectrogram 1,1,112.373172808,112.482951943,42.98,293.696,0.1098,250.716,-81.74,Rupe A
1,Spectrogram 1,1,4.054793365,4.429222589,79.787,425.532,0.3744,345.745,-77.94,Rupe B
2,Spectrogram 1,1,5.452053639,5.680364142,53.191,385.638,0.2283,332.447,-87.56,Rupe B
3,Spectrogram 1,1,7.47031848,7.817350443,66.489,505.319,0.347,438.83,-87.35,Rupe A
4,Spectrogram 1,1,8.310501128,8.575341311,53.191,412.234,0.2648,359.043,-83.4,Rupe A
5,Spectrogram 1,1,10.036528525,10.146117566,79.787,438.83,0.1096,359.043,-86.66,Rupe A
6,Spectrogram 1,1,12.319628868,12.474880009,53.191,412.234,0.1553,359.043,-87.91,Rupe A
7,Spectrogram 1,1,12.913236174,13.150679096,53.191,425.532,0.2374,372.341,-87.12,Rupe A
8,Spectrogram 1,1,13.50684348,13.735153982,66.489,412.234,0.2283,345.745,-86.77,Rupe A
9,Spectrogram 1,1,14.803647133,14.904103754,66.489,438.83,0.1005,372.341,-85.81,Rupe A
10,Spectrogram 1,1,16.091318366,16.310496448,79.787,492.021,0.2192,412.234,-86.24,Rupe A
11,Spectrogram 1,1,18.794514713,18.940633434,66.489,398.936,0.1461,332.447,-85.62,Rupe A
12,Spectrogram 1,1,20.401815968,20.630126471,53.191,465.426,0.2283,412.235,-87.34,Rupe A
13,Spectrogram 1,1,27.397246613,27.488570814,73.846,558.511,0.0913,484.665,-78.73,Rupe A
14,Spectrogram 1,1,29.872132458,29.954324238,66.489,345.745,0.0822,279.256,-84.85,Rupe A
15,Spectrogram 1,1,30.611858485,30.776242047,66.489,412.234,0.1644,345.745,-87.52,Rupe A
16,Spectrogram 1,1,32.811607735,32.964485432,79.787,406.154,0.1529,326.367,-85.49,Rupe A
17,Spectrogram 1,1,71.24510871,71.344727645,66.489,398.936,0.0996,332.447,-86.76,Rupe A
18,Spectrogram 1,1,73.308197965,73.636965088,79.787,398.936,0.3288,319.149,-89.95,Rupe B
19,Spectrogram 1,1,75.344727645,75.618700248,53.191,332.447,0.274,279.256,-79.81,Rupe B
20,Spectrogram 1,1,297.206193523,298.024538847,95.628,296.296,0.8183,200.668,-94.54,G rupe
21,Spectrogram 1,1,503.524904391,503.776702952,300.546,601.562,0.2518,301.016,-99.03,unidentified
22,Spectrogram 1,1,538.928379864,538.992306805,54.645,327.869,0.0639,273.224,-95.53,Rupe A
23,Spectrogram 1,1,540.097329636,540.179521417,81.967,423.497,0.0822,341.53,-94.84,Rupe A
24,Spectrogram 1,1,541.356900912,541.43333976,81.967,409.231,0.0764,327.264,-96.25,Rupe A
25,Spectrogram 1,1,541.842512422,542.069932376,76.923,326.154,0.2274,249.231,-94.11,Rupe A
26,Spectrogram 1,1,544.387476451,544.663539682,95.628,455.385,0.2761,359.757,-95.06,Rupe A
27,Spectrogram 1,1,546.554951481,546.746732303,109.29,245.902,0.1918,136.612,-97.02,Rupe A
28,Spectrogram 1,1,547.742166093,548.016138696,54.645,314.208,0.274,259.563,-92.77,Rupe B
29,Spectrogram 1,1,613.884755216,613.966946996,109.29,355.191,0.0822,245.901,-98.62,Rupe A
30,Spectrogram 1,1,674.559949439,674.672359511,68.306,368.852,0.1124,300.546,-95.14,Rupe A
31,Spectrogram 1,1,691.280236164,691.371560365,54.645,273.224,0.0913,218.579,-92.19,Rupe A
32,Spectrogram 1,1,691.941901173,692.207188943,68.306,486.154,0.2653,417.848,-94.12,Rupe B
33,Spectrogram 1,1,756.8058632,756.86065772,95.628,403.005,0.0548,307.377,-99.79,Rupe A
34,Spectrogram 1,1,757.344675985,757.422301556,81.967,478.142,0.0776,396.175,-89.31,Rupe A
35,Spectrogram 1,1,885.033946695,885.184631627,76.923,541.538,0.1507,464.615,-92.07,Rupe A
36,Spectrogram 1,1,885.814768613,886.075042586,81.967,321.038,0.2603,239.071,-88.0,Rupe B
37,Spectrogram 1,1,886.741709252,887.011115645,88.798,375.683,0.2694,286.885,-88.47,Rupe B
38,Spectrogram 1,1,888.914500643,889.174774616,61.475,396.175,0.2603,334.7,-88.82,Rupe B
39,Spectrogram 1,1,908.491038578,908.66912077,102.459,280.055,0.1781,177.596,-88.48,Rupe A
40,Spectrogram 1,1,909.139440404,909.299257756,68.306,293.716,0.1598,225.41,-90.73,Rupe A
41,Spectrogram 1,1,909.956792003,910.125741774,95.628,334.699,0.1689,239.071,-91.17,Rupe A
42,Spectrogram 1,1,928.800726732,929.147758696,47.814,314.208,0.347,266.394,-84.59,Rupe B
43,Spectrogram 1,1,1045.17743887,1045.300726542,77.279,289.798,0.1233,212.519,-93.15,Rupe A
44,Spectrogram 1,1,1151.58193178,1151.837639543,115.919,482.996,0.2557,367.077,-99.11,Rupe A
45,Spectrogram 1,1,1179.857191665,1180.026141437,115.919,463.677,0.1689,347.758,-95.79,Rupe A
46,Spectrogram 1,1,298.330294242,298.447200717,98.765,283.951,0.1169,185.186,-92.34,G rupe
47,Spectrogram 1,1,298.937308631,299.13964676,86.42,261.538,0.2023,175.118,-91.94,G rupe
1,Spectrogram 1,1,102.456055837,102.839617481,65.282,372.34,0.3836,307.058,-84.48,Rupe A
2,Spectrogram 1,1,103.214046705,103.652402869,66.489,332.447,0.4384,265.958,-87.3,Rupe B
3,Spectrogram 1,1,105.268841225,105.77112433,53.191,292.553,0.5023,239.362,-86.2,Rupe B
4,Spectrogram 1,1,142.629533443,142.899317615,66.489,243.323,0.2698,176.834,-85.04,Rupe B
5,Spectrogram 1,1,195.611852268,195.894957291,53.191,345.745,0.2831,292.554,-84.78,Rupe A
6,Spectrogram 1,1,197.027377383,197.429203867,66.489,359.043,0.4018,292.554,-85.7,Rupe B
7,Spectrogram 1,1,203.45092446,203.770559163,79.787,385.638,0.3196,305.851,-88.69,Rupe A
8,Spectrogram 1,1,263.929460733,264.139506395,79.787,323.442,0.21,243.655,-87.89,Rupe A
9,Spectrogram 1,1,282.830585063,283.259808807,79.787,332.447,0.4292,252.66,-86.94,Rupe B
10,Spectrogram 1,1,284.109123876,284.401361319,53.191,292.553,0.2922,239.362,-86.69,Rupe B
11,Spectrogram 1,1,286.291772278,286.401361319,93.085,385.638,0.1096,292.553,-88.3,Rupe A
12,Spectrogram 1,1,347.344922732,347.628027754,66.489,252.66,0.2831,186.171,-86.67,Rupe A
13,Spectrogram 1,1,348.038986659,348.294694421,66.489,297.674,0.2557,231.185,-88.59,Rupe A
14,Spectrogram 1,1,431.000274799,431.255982561,79.787,252.66,0.2557,172.873,-84.68,Rupe B
15,Spectrogram 1,1,432.013973429,432.315343292,66.489,319.149,0.3014,252.66,-79.52,Rupe B
16,Spectrogram 1,1,433.995708589,434.287946032,93.085,252.66,0.2922,159.575,-82.08,Rupe B
17,Spectrogram 1,1,620.560562068,620.962388552,66.489,319.149,0.4018,252.66,-82.48,Rupe B
18,Spectrogram 1,1,704.192755003,704.614480636,53.191,305.851,0.4217,252.66,-85.92,Rupe B
19,Spectrogram 1,1,705.662142507,705.781796099,53.191,292.553,0.1197,239.362,-86.62,Rupe A
20,Spectrogram 1,1,709.434773649,709.653951731,66.489,385.638,0.2192,319.149,-84.19,Rupe A
21,Spectrogram 1,1,711.042079585,711.270390087,106.383,279.255,0.2283,172.872,-88.19,Rupe A
22,Spectrogram 1,1,711.626557886,711.854868388,66.489,279.255,0.2283,212.766,-86.41,Rupe A
23,Spectrogram 1,1,714.375416333,714.585461995,106.383,319.149,0.21,212.766,-88.94,Rupe A
1,Spectrogram 1,1,109.680389971,109.926965314,79.787,279.255,0.2466,199.468,-99.97,Rupe A
2,Spectrogram 1,1,292.648495563,292.765402038,79.787,282.675,0.1169,202.888,-96.0,Rupe A
3,Spectrogram 1,1,294.298675419,294.379610671,66.489,345.745,0.0809,279.256,-92.12,Rupe A
4,Spectrogram 1,1,295.620051196,295.720228588,66.489,398.936,0.1002,332.447,-93.45,Rupe A
5,Spectrogram 1,1,296.304982703,296.534077509,53.191,385.638,0.2291,332.447,-92.8,Rupe A
6,Spectrogram 1,1,297.001703408,297.159077509,66.869,465.426,0.1574,398.557,-94.01,Rupe A
7,Spectrogram 1,1,297.373475853,297.478322113,53.191,518.617,0.1048,465.426,-93.13,Rupe A
8,Spectrogram 1,1,297.775302337,297.995403059,66.869,412.234,0.2201,345.365,-94.02,Rupe C
9,Spectrogram 1,1,298.396306904,298.578955305,66.869,412.234,0.1826,345.365,-92.54,Rupe A
10,Spectrogram 1,1,299.222921045,299.373468146,59.809,454.545,0.1505,394.736,-94.44,Rupe A
11,Spectrogram 1,1,301.665705589,301.75702979,66.869,299.043,0.0913,232.174,-95.77,Rupe A
12,Spectrogram 1,1,303.422555135,303.537851708,66.869,239.234,0.1153,172.365,-93.62,Rupe A
13,Spectrogram 1,1,304.119497581,304.186249713,63.83,143.541,0.0668,79.711,-93.35,Rupe A
14,Spectrogram 1,1,304.654569524,304.743327339,71.77,394.737,0.0888,322.967,-95.4,Rupe A
15,Spectrogram 1,1,305.02327456,305.190815923,59.809,406.699,0.1675,346.89,-93.39,Rupe A
16,Spectrogram 1,1,305.585325934,305.85960651,71.77,418.66,0.2743,346.89,-95.82,Rupe A
17,Spectrogram 1,1,306.204514554,306.273275574,69.909,406.699,0.0688,336.79,-90.05,Rupe A
18,Spectrogram 1,1,308.251693883,308.678852156,47.847,547.112,0.4272,499.265,-84.68,Rupe B
19,Spectrogram 1,1,309.32633417,309.695039206,60.79,534.954,0.3687,474.164,-84.5,Rupe B
20,Spectrogram 1,1,311.178852156,311.286765825,71.77,370.813,0.1079,299.043,-92.75,Rupe A
21,Spectrogram 1,1,311.747890303,312.078132732,47.847,574.163,0.3302,526.316,-86.84,Rupe B
22,Spectrogram 1,1,312.401873739,312.532269422,59.809,478.469,0.1304,418.66,-96.6,Rupe A
23,Spectrogram 1,1,313.017296695,313.318666558,59.809,466.507,0.3014,406.698,-97.13,Rupe A
24,Spectrogram 1,1,313.674830942,313.875744184,83.732,406.699,0.2009,322.967,-98.25,Rupe A
1,Spectrogram 1,1,307.392161315,307.459607358,46.543,259.309,0.0674,212.766,-82.88,Rupe A
2,Spectrogram 1,1,308.158799683,308.263822514,46.543,319.149,0.105,272.606,-83.14,Rupe A
3,Spectrogram 1,1,309.510397856,309.629119317,66.489,345.745,0.1187,279.256,-88.75,Rupe A
4,Spectrogram 1,1,309.89852571,309.957886441,66.489,312.5,0.0594,246.011,-90.48,Rupe A
5,Spectrogram 1,1,311.552885678,311.648776089,66.489,325.798,0.0959,259.309,-94.55,Rupe A
6,Spectrogram 1,1,312.29717572,312.370235081,59.84,232.713,0.0731,172.873,-91.78,Rupe A
7,Spectrogram 1,1,312.762929145,312.863385766,46.543,345.745,0.1005,299.202,-83.89,Rupe A
8,Spectrogram 1,1,314.27434467,314.379367501,73.138,339.096,0.105,265.958,-90.8,Rupe A
9,Spectrogram 1,1,317.671595753,317.717257853,53.191,272.606,0.0457,219.415,-91.71,Rupe A
10,Spectrogram 1,1,318.123650548,318.201276118,59.84,372.34,0.0776,312.5,-89.8,Rupe A
11,Spectrogram 1,1,319.776261335,319.858810365,59.84,396.97,0.0825,337.13,-89.71,Rupe A
12,Spectrogram 1,1,320.214974748,320.33369621,53.191,345.745,0.1187,292.554,-91.27,Rupe A
13,Spectrogram 1,1,321.077985292,321.164743283,59.84,279.255,0.0868,219.415,-91.52,Rupe A
14,Spectrogram 1,1,323.831403776,323.909029347,39.894,425.532,0.0776,385.638,-85.94,Rupe A
15,Spectrogram 1,1,324.548298753,324.639622954,59.84,292.553,0.0913,232.713,-92.26,Rupe A
16,Spectrogram 1,1,324.945559027,325.009485968,59.84,246.011,0.0639,186.171,-92.98,Rupe A
17,Spectrogram 1,1,326.283458571,326.356517932,53.191,372.34,0.0731,319.149,-91.09,Rupe A
18,Spectrogram 1,1,328.256055137,328.342813128,53.191,272.606,0.0868,219.415,-91.88,Rupe A
19,Spectrogram 1,1,329.54372637,329.769754935,59.84,463.636,0.226,403.796,-87.94,Type 4 A
20,Spectrogram 1,1,330.712676142,331.059708105,53.191,511.968,0.347,458.777,-90.81,Rupe B
21,Spectrogram 1,1,332.196690566,332.513889965,53.191,498.67,0.3172,445.479,-90.46,Rupe B
22,Spectrogram 1,1,393.662690506,393.754014707,46.543,398.936,0.0913,352.393,-86.9,Rupe A
23,Spectrogram 1,1,538.315565319,538.41145573,39.894,292.553,0.0959,252.659,-85.05,Rupe A
24,Spectrogram 1,1,546.368893499,546.519578431,66.489,359.043,0.1507,292.554,-95.45,Rupe A
1,Spectrogram 1,1,119.854123262,119.931259486,66.489,372.34,0.0771,305.851,-92.59,Rupe A
2,Spectrogram 1,1,120.137228285,120.232518478,56.047,420.561,0.0953,364.514,-91.53,Rupe A
3,Spectrogram 1,1,120.68517349,120.849557052,62.305,407.08,0.1644,344.775,-92.39,Rupe A
4,Spectrogram 1,1,121.205721436,121.392590421,62.305,467.29,0.1869,404.985,-92.07,Rupe A
5,Spectrogram 1,1,123.249604809,123.452296778,62.305,420.561,0.2027,358.256,-93.58,Rupe A
6,Spectrogram 1,1,125.571013697,125.693463683,77.882,389.408,0.1224,311.526,-94.34,Rupe A
7,Spectrogram 1,1,125.84634138,126.021701093,73.746,436.137,0.1754,362.391,-90.23,Rupe A
8,Spectrogram 1,1,128.566446712,128.725218076,62.305,436.137,0.1588,373.832,-95.29,Rupe A
9,Spectrogram 1,1,129.488821141,129.862808004,62.305,545.171,0.374,482.866,-91.22,Rupe B
10,Spectrogram 1,1,130.85651304,131.135290019,77.882,560.748,0.2788,482.866,-91.28,Rupe B
11,Spectrogram 1,1,132.133491457,132.439246853,62.305,529.595,0.3058,467.29,-92.22,Rupe B
12,Spectrogram 1,1,133.853111901,134.307248591,62.305,467.29,0.4541,404.985,-91.37,Rupe B
13,Spectrogram 1,1,134.743399671,135.026673052,67.847,498.442,0.2833,430.595,-92.88,Rupe B
14,Spectrogram 1,1,206.945243952,207.347070436,77.882,482.866,0.4018,404.984,-97.41,Rupe B
15,Spectrogram 1,1,209.009170892,209.210084134,77.882,295.95,0.2009,218.068,-97.81,Rupe A
16,Spectrogram 1,1,412.333867106,412.572176459,120.805,3111.111,0.2383,2990.306,-94.84,Trrot
17,Spectrogram 1,1,413.49618725,413.707518185,249.221,3317.757,0.2113,3068.536,-100.32,Unidentified
18,Spectrogram 1,1,419.439457716,419.682263471,120.805,805.369,0.2428,684.564,-93.12,Trrot
19,Spectrogram 1,1,425.149831284,425.267577426,268.456,1168.224,0.1177,899.768,-92.25,Trrot
20,Spectrogram 1,1,434.097998,434.288522293,345.133,1386.293,0.1905,1041.16,-92.53,Trrot
21,Spectrogram 1,1,486.578515874,486.806826377,77.882,420.561,0.2283,342.679,-99.24,Rupe A
22,Spectrogram 1,1,547.4287583,547.647936383,77.882,420.561,0.2192,342.679,-98.85,Rupe B
23,Spectrogram 1,1,552.658171405,552.822554967,62.305,404.984,0.1644,342.679,-99.09,Rupe B
24,Spectrogram 1,1,553.973239898,554.292874601,77.882,342.679,0.3196,264.797,-99.25,Rupe B
25,Spectrogram 1,1,556.064564099,556.18328556,93.458,342.679,0.1187,249.221,-100.44,Rupe A
26,Spectrogram 1,1,677.887835547,677.997424588,77.882,451.713,0.1096,373.831,-95.95,Rupe A
27,Spectrogram 1,1,679.916920498,680.061351528,64.897,342.679,0.1444,277.782,-91.03,Rupe A
28,Spectrogram 1,1,680.490575273,680.737150615,67.847,383.481,0.2466,315.634,-90.54,Rupe A
29,Spectrogram 1,1,853.639813469,853.762054033,77.882,358.255,0.1222,280.373,-95.05,Rupe A
30,Spectrogram 1,1,854.629633941,854.84031608,61.947,545.171,0.2107,483.224,-89.96,Rupe A
31,Spectrogram 1,1,855.420352051,855.523769318,62.305,482.866,0.1034,420.561,-93.15,Rupe A
32,Spectrogram 1,1,855.753085864,856.145615676,62.305,514.019,0.3925,451.714,-87.92,Rupe B
33,Spectrogram 1,1,856.65236644,857.236898814,64.897,545.171,0.5845,480.274,-90.68,Rupe B
34,Spectrogram 1,1,858.537985342,858.884208364,64.897,404.984,0.3462,340.087,-89.75,Rupe B
35,Spectrogram 1,1,859.572158004,859.81496376,62.305,404.984,0.2428,342.679,-91.4,Rupe B
36,Spectrogram 1,1,885.752938324,885.944719146,93.458,685.358,0.1918,591.9,-98.79,??
37,Spectrogram 1,1,1098.185852942,1099.126492211,77.882,264.798,0.9406,186.916,-93.38,?
38,Spectrogram 1,1,1100.825122348,1101.692702257,93.458,1105.919,0.8676,1012.461,-100.67,?
39,Spectrogram 1,1,1099.546583536,1099.665304997,311.111,7749.979,0.1187,7438.868,-98.32,??
1,Spectrogram 1,1,334.330492819,334.522273641,66.489,372.34,0.1918,305.851,-91.47,Rupe A
2,Spectrogram 1,1,334.942364965,335.152410627,53.191,438.83,0.21,385.639,-90.96,Rupe A
3,Spectrogram 1,1,407.487391986,407.825291529,52.288,412.234,0.3379,359.946,-90.11,Rupe B
4,Spectrogram 1,1,408.154058652,408.473693355,53.191,398.936,0.3196,345.745,-91.82,Rupe B
5,Spectrogram 1,1,463.759046258,463.93256224,79.787,359.043,0.1735,279.256,-94.43,Rupe A
6,Spectrogram 1,1,464.407448084,464.717950368,66.489,359.043,0.3105,292.554,-91.22,Rupe B
7,Spectrogram 1,1,467.083247171,467.384617034,53.191,465.426,0.3014,412.235,-90.52,Rupe B
8,Spectrogram 1,1,494.879528678,495.062177079,53.191,478.723,0.1826,425.532,-84.03,Rupe A
9,Spectrogram 1,1,593.807869131,593.880928492,39.894,418.883,0.0731,378.989,-79.85,Rupe A
10,Spectrogram 1,1,595.040745843,595.259923925,53.191,378.989,0.2192,325.798,-86.25,Rupe A
11,Spectrogram 1,1,595.867229861,596.077275524,66.489,438.83,0.21,372.341,-85.92,Rupe A
12,Spectrogram 1,1,602.7167052,602.929673473,53.191,300.654,0.213,247.463,-86.33,Type 4 A
13,Spectrogram 1,1,605.815516799,606.043827301,59.84,385.638,0.2283,325.798,-83.28,Type 4 A
14,Spectrogram 1,1,868.36517868,868.671114753,39.894,511.968,0.3059,472.074,-80.41,Rupe A
15,Spectrogram 1,1,869.607187812,869.9470707,39.894,485.372,0.3399,445.478,-81.46,Type 4 A
16,Spectrogram 1,1,936.554405884,936.659428715,73.138,398.936,0.105,325.798,-97.94,Rupe A
17,Spectrogram 1,1,937.001894469,937.298698122,62.092,438.83,0.2968,376.738,-86.84,Rupe B
18,Spectrogram 1,1,937.536141044,937.682259766,55.556,425.532,0.1461,369.976,-96.16,Rupe A
19,Spectrogram 1,1,938.239337391,938.335227802,55.556,365.691,0.0959,310.135,-95.97,Rupe A
20,Spectrogram 1,1,938.558972094,938.846643327,53.191,219.415,0.2877,166.224,-89.98,Rupe B
21,Spectrogram 1,1,1096.751899286,1097.13546093,66.489,412.234,0.3836,345.745,-91.02,Rupe B
22,Spectrogram 1,1,1101.160039752,1101.420313724,93.085,392.287,0.2603,299.202,-93.27,Rupe A
1,Spectrogram 1,1,77.203018,77.403931242,53.191,425.532,0.2009,372.341,-93.31,Rupe A
2,Spectrogram 1,1,78.344570511,78.40059656,59.172,349.112,0.056,289.941,-90.01,Rupe A
3,Spectrogram 1,1,78.773794255,78.913186489,53.191,366.864,0.1394,313.673,-93.54,Rupe A
4,Spectrogram 1,1,126.604869989,126.659664509,46.543,578.457,0.0548,531.914,-88.0,Rupe A
5,Spectrogram 1,1,127.020395103,127.059427099,59.84,558.511,0.039,498.671,-96.82,Rupe A
6,Spectrogram 1,1,127.340029806,127.401153718,66.489,458.58,0.0611,392.091,-98.88,Rupe A
7,Spectrogram 1,1,128.627702734,128.893965048,59.172,420.118,0.2663,360.947,-94.91,Rupe A
8,Spectrogram 1,1,132.359533726,132.423646635,59.84,551.862,0.0641,492.022,-97.72,Rupe A
9,Spectrogram 1,1,132.624373909,132.71569811,59.84,438.83,0.0913,378.99,-98.14,Rupe A
10,Spectrogram 1,1,132.802456101,132.889214091,59.84,412.234,0.0868,352.394,-97.33,Rupe A
11,Spectrogram 1,1,133.144921854,133.510218658,59.172,551.862,0.3653,492.69,-98.14,Rupe B
12,Spectrogram 1,1,135.137452133,135.201379074,66.489,418.883,0.0639,352.394,-97.14,Rupe A
13,Spectrogram 1,1,139.819471152,140.056914074,56.213,352.394,0.2374,296.181,-93.03,Rupe B
14,Spectrogram 1,1,140.513535079,140.60029307,46.543,345.745,0.0868,299.202,-85.75,Rupe A
15,Spectrogram 1,1,140.67335243,140.725065391,53.191,372.34,0.0517,319.149,-96.68,Rupe A
16,Spectrogram 1,1,141.125407225,141.174705679,59.84,502.959,0.0493,443.119,-96.97,Rupe A
17,Spectrogram 1,1,143.512710864,143.576637805,59.84,332.447,0.0639,272.607,-96.72,Rupe A
18,Spectrogram 1,1,144.956187405,145.032842213,53.254,511.968,0.0767,458.714,-98.54,Rupe A
19,Spectrogram 1,1,145.513741362,145.585683808,124.26,571.809,0.0719,447.549,-102.75,Rupe A
20,Spectrogram 1,1,146.169827867,146.439234259,53.191,464.497,0.2694,411.306,-98.51,Rupe B
21,Spectrogram 1,1,146.580786771,146.667544762,68.047,458.777,0.0868,390.73,-94.66,Rupe A
22,Spectrogram 1,1,146.795398643,146.85366942,112.426,438.83,0.0583,326.404,-98.63,Rupe A
23,Spectrogram 1,1,147.146996816,147.252019647,68.047,412.234,0.105,344.187,-95.5,Rupe A
24,Spectrogram 1,1,147.347910058,147.443800469,68.047,372.34,0.0959,304.293,-98.44,Rupe A
25,Spectrogram 1,1,147.649279921,147.799964853,59.84,392.287,0.1507,332.447,-96.09,Rupe A
26,Spectrogram 1,1,148.35531783,148.434668049,59.172,392.287,0.0794,333.115,-95.1,Rupe A
27,Spectrogram 1,1,148.795398643,149.092202296,73.964,618.351,0.2968,544.387,-92.26,Rupe B
28,Spectrogram 1,1,149.334211428,149.398138369,65.089,452.128,0.0639,387.039,-98.9,Rupe A
29,Spectrogram 1,1,150.046540195,150.115033346,85.799,392.287,0.0685,306.488,-100.07,Rupe A
30,Spectrogram 1,1,152.612748945,152.694940726,59.172,299.202,0.0822,240.03,-95.09,Rupe A
31,Spectrogram 1,1,151.032840269,151.08763479,59.84,365.691,0.0548,305.851,-96.14,Rupe A
32,Spectrogram 1,1,187.452116221,187.575403892,62.13,423.077,0.1233,360.947,-95.94,Rupe A
33,Spectrogram 1,1,187.858508915,188.059422157,62.13,418.883,0.2009,356.753,-93.03,Rupe A
34,Spectrogram 1,1,188.424718961,188.579407539,50.296,449.704,0.1547,399.408,-88.77,Rupe A
35,Spectrogram 1,1,192.407718179,193.179407677,121.302,432.181,0.7717,310.879,-97.46,G rupe
36,Spectrogram 1,1,193.544704481,193.686256992,76.923,392.287,0.1416,315.364,-95.83,Rupe A
37,Spectrogram 1,1,205.572107033,206.357495161,97.633,420.118,0.7854,322.485,-98.03,Guttural rupe
38,Spectrogram 1,1,207.289003909,207.435124838,62.13,325.798,0.1461,263.668,-93.03,Rupe A
39,Spectrogram 1,1,213.675463479,213.78048631,65.089,246.011,0.105,180.922,-95.1,Rupe A
40,Spectrogram 1,1,215.127518274,215.209710054,62.13,357.988,0.0822,295.858,-95.15,Rupe A
41,Spectrogram 1,1,217.154915534,217.277435326,53.254,325.798,0.1225,272.544,-94.45,Rupe A
42,Spectrogram 1,1,304.416862318,305.206816655,97.633,375.74,0.79,278.107,-98.43,Guttural rupe
43,Spectrogram 1,1,317.87556791,317.948627271,62.13,319.149,0.0731,257.019,-96.43,Rupe A
44,Spectrogram 1,1,318.341321335,319.113010832,94.675,405.325,0.7717,310.651,-97.72,G rupe
45,Spectrogram 1,1,323.707864242,323.776357392,85.799,405.585,0.0685,319.786,-98.88,Rupe A
46,Spectrogram 1,1,324.52064963,324.58914278,59.84,365.691,0.0685,305.851,-97.49,Rupe A
47,Spectrogram 1,1,325.415626799,325.482218731,97.633,392.287,0.0666,294.654,-98.14,Rupe A
48,Spectrogram 1,1,328.981789486,329.067221141,53.191,418.883,0.0854,365.692,-92.74,Rupe A
49,Spectrogram 1,1,374.618658461,374.673452981,103.55,711.436,0.0548,607.886,-95.53,Rupe A
50,Spectrogram 1,1,375.792174442,375.828704123,85.799,299.202,0.0365,213.403,-96.89,Rupe A
51,Spectrogram 1,1,382.076490865,382.126719176,82.84,419.622,0.0502,336.782,-97.37,Rupe A
52,Spectrogram 1,1,381.734025112,381.770554792,88.757,390.071,0.0365,301.314,-99.43,Rupe A
53,Spectrogram 1,1,382.998865294,383.1627561,56.213,490.544,0.1639,434.331,-95.97,Rupe A
54,Spectrogram 1,1,383.973156459,384.03251719,103.55,602.837,0.0594,499.287,-100.95,Rupe A
55,Spectrogram 1,1,383.530234085,383.580462395,97.633,537.825,0.0502,440.192,-99.41,Rupe A
56,Spectrogram 1,1,384.950325409,385.005119929,76.923,336.879,0.0548,259.956,-97.23,Rupe A
57,Spectrogram 1,1,386.401972585,386.461333316,79.882,230.496,0.0594,150.614,-95.04,Rupe A
58,Spectrogram 1,1,408.551014379,408.725556937,59.172,455.083,0.1745,395.911,-93.27,Rupe A
59,Spectrogram 1,1,409.103525795,409.162274686,65.089,366.43,0.0587,301.341,-97.02,Rupe A
60,Spectrogram 1,1,409.957407073,410.039598854,71.006,342.79,0.0822,271.784,-97.71,Rupe A
61,Spectrogram 1,1,408.226813466,408.254210726,65.012,271.868,0.0274,206.856,-93.86,Rupe A
62,Spectrogram 1,1,413.264553338,413.351311329,65.089,372.34,0.0868,307.251,-94.26,Rupe A
63,Spectrogram 1,1,413.638982562,413.734872973,41.371,413.712,0.0959,372.341,-85.12,Rupe A
64,Spectrogram 1,1,435.135056319,435.15788737,79.882,508.274,0.0228,428.392,-91.47,Rupe A
65,Spectrogram 1,1,440.186566644,440.277890845,47.281,407.801,0.0913,360.52,-92.73,Rupe A
66,Spectrogram 1,1,441.866931941,442.003918243,59.102,437.352,0.137,378.25,-92.09,Rupe A
67,Spectrogram 1,1,442.74296673,442.936312054,56.213,508.274,0.1933,452.061,-93.78,Rupe A
68,Spectrogram 1,1,446.023393275,446.182233326,56.213,472.813,0.1588,416.6,-92.53,Rupe A
69,Spectrogram 1,1,446.945767704,447.055356745,53.191,384.161,0.1096,330.97,-93.46,Rupe A
70,Spectrogram 1,1,450.582160533,450.641521264,65.012,342.79,0.0594,277.778,-94.96,Rupe A
71,Spectrogram 1,1,452.26252583,452.30362172,100.592,460.993,0.0411,360.401,-97.35,Rupe A
72,Spectrogram 1,1,468.754405085,468.832030655,65.012,384.161,0.0776,319.149,-94.87,Rupe A
73,Spectrogram 1,1,468.384542071,468.457601432,88.757,325.059,0.0731,236.302,-98.75,Rupe A
74,Spectrogram 1,1,496.397880355,496.658622446,59.172,466.903,0.2607,407.731,-94.74,Rupe A
75,Spectrogram 1,1,497.703816428,497.763177159,88.757,443.262,0.0594,354.505,-98.98,Rupe A
76,Spectrogram 1,1,498.133040172,498.178702273,82.84,437.352,0.0457,354.512,-96.71,Rupe A
77,Spectrogram 1,1,499.009752501,499.091944282,76.923,395.981,0.0822,319.058,-98.77,Rupe A
78,Spectrogram 1,1,499.457241086,499.512035606,85.799,531.915,0.0548,446.116,-99.79,Rupe A
79,Spectrogram 1,1,500.739494183,500.785156284,65.089,224.586,0.0457,159.497,-93.81,Rupe A
80,Spectrogram 1,1,509.155821568,509.256278189,65.089,277.778,0.1005,212.689,-95.83,Rupe A
81,Spectrogram 1,1,510.585045313,510.667380814,65.089,378.251,0.0823,313.162,-95.82,Rupe A
82,Spectrogram 1,1,514.106875575,514.234729456,68.047,372.34,0.1279,304.293,-95.23,Rupe A
83,Spectrogram 1,1,514.55436416,514.695916671,62.13,366.43,0.1416,304.3,-96.3,Rupe A
84,Spectrogram 1,1,555.494593731,555.695506973,56.213,354.61,0.2009,298.397,-96.84,Rupe A
85,Spectrogram 1,1,553.526557202,553.585917932,53.191,354.61,0.0594,301.419,-98.03,Rupe A
86,Spectrogram 1,1,557.149215489,557.23597348,53.191,289.598,0.0868,236.407,-97.62,Rupe A
87,Spectrogram 1,1,615.68641897,615.878199792,65.012,425.532,0.1918,360.52,-96.85,Rupe A
88,Spectrogram 1,1,692.188254386,692.297843427,65.012,366.43,0.1096,301.418,-96.3,Rupe A
89,Spectrogram 1,1,692.622044341,692.786427902,59.102,378.251,0.1644,319.149,-94.59,Rupe A
90,Spectrogram 1,1,696.602964264,696.644060154,71.006,372.34,0.0411,301.334,-99.33,Rupe A
91,Spectrogram 1,1,697.552735953,697.589265633,62.13,301.418,0.0365,239.288,-96.38,Rupe A
92,Spectrogram 1,1,717.087844261,717.297889923,91.716,387.574,0.21,295.858,-100.27,Rupe A
93,Spectrogram 1,1,723.303702236,723.349364337,73.964,271.868,0.0457,197.904,-96.58,Rupe A
94,Spectrogram 1,1,723.837948812,723.892743332,65.012,354.61,0.0548,289.598,-95.93,Rupe A
95,Spectrogram 1,1,771.516273937,771.689789919,59.102,502.364,0.1735,443.262,-96.78,Rupe A
96,Spectrogram 1,1,791.325354848,791.371016948,79.882,295.508,0.0457,215.626,-96.01,Rupe A
97,Spectrogram 1,1,793.498872987,793.539968877,73.964,390.071,0.0411,316.107,-98.51,Rupe A
98,Spectrogram 1,1,793.834908268,793.888865103,59.172,401.891,0.054,342.719,-96.98,Rupe A
99,Spectrogram 1,1,794.7774118,794.85960358,68.047,354.61,0.0822,286.563,-97.49,Rupe A
100,Spectrogram 1,1,795.466909516,795.530836457,61.983,268.595,0.0639,206.612,-95.23,Rupe A
101,Spectrogram 1,1,796.906437804,796.947533694,48.209,323.691,0.0411,275.482,-97.41,Rupe A
102,Spectrogram 1,1,799.440684379,799.51374374,61.983,371.901,0.0731,309.918,-95.06,Rupe A
103,Spectrogram 1,1,800.50917753,800.609634151,61.983,392.562,0.1005,330.579,-95.99,Rupe A
104,Spectrogram 1,1,807.208238533,807.335706422,65.089,351.24,0.1275,286.151,-92.72,Rupe A
105,Spectrogram 1,1,807.984494241,808.107781912,50.296,378.788,0.1233,328.492,-91.39,Rupe A
106,Spectrogram 1,1,867.738370933,867.838827554,61.983,296.143,0.1005,234.16,-94.1,Rupe A
107,Spectrogram 1,1,868.537457691,868.660745363,53.254,413.223,0.1233,359.969,-94.64,Rupe A
108,Spectrogram 1,1,869.135631207,869.290882349,68.871,351.24,0.1553,282.369,-93.14,Rupe A
109,Spectrogram 1,1,871.656181914,872.199560909,75.758,433.884,0.5434,358.126,-99.01,Guttural rupe
110,Spectrogram 1,1,889.330335102,890.15225291,82.84,392.562,0.8219,309.722,-97.34,Guttural rupe
111,Spectrogram 1,1,892.354855785,892.423348936,61.983,420.11,0.0685,358.127,-97.74,Rupe A
112,Spectrogram 1,1,904.825162756,905.500961843,88.757,495.868,0.6758,407.111,-98.21,Guttural rupe
113,Spectrogram 1,1,913.925313224,914.100672937,61.983,322.485,0.1754,260.502,-95.36,Rupe A
114,Spectrogram 1,1,927.980832101,928.026494201,73.964,351.24,0.0457,277.276,-97.69,Rupe A
115,Spectrogram 1,1,930.926041291,930.972461004,68.871,344.353,0.0464,275.482,-95.21,Rupe A
116,Spectrogram 1,1,932.177182843,932.231767942,65.089,309.917,0.0546,244.828,-94.92,Rupe A
117,Spectrogram 1,1,936.134380946,936.207440306,73.964,316.804,0.0731,242.84,-96.89,Rupe A
118,Spectrogram 1,1,936.402477427,936.51794259,68.047,241.047,0.1155,173.0,-94.29,Rupe A
119,Spectrogram 1,1,937.915202863,937.956298754,61.983,268.595,0.0411,206.612,-94.29,Rupe A
120,Spectrogram 1,1,1053.065102232,1053.311677574,65.089,365.014,0.2466,299.925,-94.56,Rupe A
121,Spectrogram 1,1,1062.357770541,1062.513021682,59.172,289.256,0.1553,230.084,-94.14,Rupe A
122,Spectrogram 1,1,1064.124893829,1064.430829902,56.213,358.127,0.3059,301.914,-93.82,Rupe A
123,Spectrogram 1,1,1133.598157705,1134.392678253,76.923,346.154,0.7945,269.231,-95.6,Guttural rupe
124,Spectrogram 1,1,1156.237917136,1156.973076954,115.385,365.014,0.7352,249.629,-94.13,Guttural rupe
125,Spectrogram 1,1,1189.129105342,1189.343717214,61.983,413.223,0.2146,351.24,-99.62,Rupe A
126,Spectrogram 1,1,1190.558354405,1190.731845068,68.871,365.014,0.1735,296.143,-98.27,Type 4 A
127,Spectrogram 1,1,554.650805748,554.709258985,65.089,402.367,0.0585,337.278,-99.39,Rupe A
1,Spectrogram 1,1,156.150347899,156.22797347,59.84,359.043,0.0776,299.203,-92.19,Rupe A
2,Spectrogram 1,1,157.506512282,157.606968903,56.516,365.691,0.1005,309.175,-89.62,Rupe A
3,Spectrogram 1,1,158.081854748,158.196009999,57.745,370.245,0.1142,312.5,-89.95,Rupe A
4,Spectrogram 1,1,158.821580776,158.922037397,54.348,339.674,0.1005,285.326,-88.6,Rupe A
5,Spectrogram 1,1,159.460850182,159.561306803,50.951,315.897,0.1005,264.946,-89.55,Rupe A
6,Spectrogram 1,1,160.759273366,160.850597567,44.158,322.69,0.0913,278.532,-83.62,Rupe A
7,Spectrogram 1,1,162.70448655,162.804943171,50.951,295.516,0.1005,244.565,-91.39,Rupe A
8,Spectrogram 1,1,165.165681469,165.234174619,50.951,343.071,0.0685,292.12,-91.33,Rupe A
9,Spectrogram 1,1,166.658836627,166.745594618,54.348,288.723,0.0868,234.375,-93.85,Rupe A
10,Spectrogram 1,1,167.499019275,167.590343476,50.951,244.565,0.0913,193.614,-93.08,Rupe A
11,Spectrogram 1,1,168.010434801,168.147421102,54.348,275.136,0.137,220.788,-94.64,Rupe A
12,Spectrogram 1,1,168.441826785,168.677101467,64.538,506.114,0.2353,441.576,-87.5,Rupe A
13,Spectrogram 1,1,169.339207143,169.448796184,56.604,244.565,0.1096,187.961,-94.79,Rupe A
14,Spectrogram 1,1,170.138299617,170.229623818,59.748,173.234,0.0913,113.486,-93.41,Rupe A
15,Spectrogram 1,1,171.151998247,171.229623818,59.748,163.043,0.0776,103.295,-92.55,Rupe A
16,Spectrogram 1,1,171.873459434,172.257021078,64.538,288.723,0.3836,224.185,-94.92,Rupe B
17,Spectrogram 1,1,172.608626956,172.713649787,61.141,247.962,0.105,186.821,-93.26,Rupe A
18,Spectrogram 1,1,173.01045344,173.174837002,47.554,292.12,0.1644,244.566,-90.29,Rupe A
19,Spectrogram 1,1,173.535567595,173.677120107,54.348,281.929,0.1416,227.581,-91.0,Rupe A
20,Spectrogram 1,1,174.576593072,174.722782207,56.604,309.103,0.1462,252.499,-90.64,Rupe A
21,Spectrogram 1,1,175.969363634,176.055909619,54.348,298.913,0.0865,244.565,-90.56,Rupe A
22,Spectrogram 1,1,176.294218971,176.37065782,50.951,271.739,0.0764,220.788,-91.16,Rupe A
23,Spectrogram 1,1,177.147445826,177.270733498,53.459,285.326,0.1233,231.867,-89.82,Rupe A
24,Spectrogram 1,1,177.800413863,177.948885621,50.951,386.792,0.1485,335.841,-91.75,Rupe A
25,Spectrogram 1,1,178.220510526,178.614353246,78.616,267.296,0.3938,188.679,-93.2,Rupe C
26,Spectrogram 1,1,179.494483129,179.61320459,57.745,268.342,0.1187,210.597,-90.49,Rupe A
27,Spectrogram 1,1,180.019597284,180.161115836,57.745,336.277,0.1415,278.532,-93.15,Rupe A
28,Spectrogram 1,1,184.955712443,185.023158487,59.748,261.549,0.0674,201.801,-89.84,Rupe A
29,Spectrogram 1,1,186.400364436,186.493473788,62.893,285.326,0.0931,222.433,-92.49,Rupe A
30,Spectrogram 1,1,186.651505989,186.80675713,54.348,275.136,0.1553,220.788,-92.99,Rupe A
31,Spectrogram 1,1,187.244371815,187.352285484,57.745,315.897,0.1079,258.152,-92.51,Rupe A
32,Spectrogram 1,1,187.729131559,187.861551651,61.141,298.913,0.1324,237.772,-91.49,Rupe A
33,Spectrogram 1,1,188.413436563,188.512357426,59.748,271.739,0.0989,211.991,-91.98,Rupe A
34,Spectrogram 1,1,189.258760304,189.372967176,57.745,281.929,0.1142,224.184,-94.82,Rupe A
35,Spectrogram 1,1,189.77022745,189.852419231,66.038,258.152,0.0822,192.114,-94.5,Rupe A
36,Spectrogram 1,1,191.59996063,191.691284831,57.745,264.946,0.0913,207.201,-94.44,Rupe A
37,Spectrogram 1,1,193.166170676,193.243796247,62.893,285.326,0.0776,222.433,-95.52,Rupe A
38,Spectrogram 1,1,195.991791947,196.083116147,54.348,261.549,0.0913,207.201,-93.02,Rupe A
39,Spectrogram 1,1,197.069417517,197.160741718,50.951,275.136,0.0913,224.185,-95.22,Rupe A
40,Spectrogram 1,1,198.173245414,198.247499709,57.745,295.516,0.0743,237.771,-93.02,Rupe A
41,Spectrogram 1,1,199.064858947,199.119653468,57.745,264.946,0.0548,207.201,-92.95,Rupe A
42,Spectrogram 1,1,199.722393194,199.950703696,57.745,339.674,0.2283,281.929,-93.33,Rupe C
43,Spectrogram 1,1,201.032895477,201.389059861,50.951,512.908,0.3562,461.957,-86.43,Rupe B
44,Spectrogram 1,1,353.760197733,353.833257093,67.935,336.277,0.0731,268.342,-91.61,Rupe A
45,Spectrogram 1,1,438.636445943,438.876919317,57.745,400.815,0.2405,343.07,-90.06,Rupe A
46,Spectrogram 1,1,441.41270165,441.671230443,54.348,421.196,0.2585,366.848,-87.67,Type 4 A
47,Spectrogram 1,1,448.924441142,449.075126074,54.348,207.201,0.1507,152.853,-91.07,Rupe A
48,Spectrogram 1,1,471.340146906,471.472566997,64.538,285.326,0.1324,220.788,-93.72,Rupe A
49,Spectrogram 1,1,472.212293024,472.399507636,54.348,343.071,0.1872,288.723,-91.88,Rupe A
50,Spectrogram 1,1,475.597472757,475.816650839,57.745,326.087,0.2192,268.342,-94.65,Rupe A
51,Spectrogram 1,1,490.699030058,490.883382576,54.348,346.467,0.1844,292.119,-92.3,Rupe A
52,Spectrogram 1,1,640.42435857,640.501984141,64.538,370.245,0.0776,305.707,-92.29,Rupe A
53,Spectrogram 1,1,638.607006972,638.661801493,57.745,275.136,0.0548,217.391,-92.25,Rupe A
54,Spectrogram 1,1,641.826191452,641.878423639,94.34,380.435,0.0522,286.095,-95.6,Rupe A
